kind,level,title,patches,health,damage,speed,cap,agro,spawn,attack,agro_range,deagro_range,spawn_min,spawn_max,flyer_ceiling,engage_min,engage_max,standoff_min,standoff_max,shot_speed,shot_ball,shot_hit,aim_seconds,charge_from,charge_mul,ram_top,ram_accel,fire,xp,notes
ranger,1,Ranger,Tide Margin 4:near;Tide Margin 4:far;*,70,14,42,11,leash,ahead,standoff,58,140,90,240,16,20,52,24,42,24,0.62,1.45,1.0,0,0,0,0,1.35,16,Waits ahead of the run. Holds a wide standoff off the crown and lobs a glowing purple orb after a one-second aim.
ranger,2,Ranger,Tide Margin 4:near;Tide Margin 4:far;*,90,17,50,11,leash,ahead,standoff,62,145,90,240,23,20,68,26,50,28,0.54,1.32,0.95,0,0,0,0,1.20,28,Longer standoff and a slightly quicker orb. Many bells can share a pack.
ranger,3,Ranger,Tide Margin 4:near;Tide Margin 4:far;*,115,21,58,14,leash,ahead,standoff,66,150,90,240,30,20,84,28,58,32,0.48,1.20,0.90,0,0,0,0,1.05,44,Harder tiles pack more bells. Orbs stay large and close faster.
ranger,4,Ranger,Tide Margin 4:near;Tide Margin 4:far;*,145,26,66,14,leash,ahead,standoff,70,155,90,240,37,20,100,30,66,36,0.44,1.10,0.85,0,0,0,0,0.92,64,Hard-patch bells still throw a purple orb from farther out.
rhino,1,Rhino,Tide Margin 4:near;Tide Margin 4:far;*,130,20,7,9,leash,ahead,charge,36,110,90,240,0,0,0,0,0,0,0,0,0,20,2.2,0,0,3.2,20,Meteor strike only. Lines up on a slow target. Matches a runner with lag then cuts ahead into the intercept. Backs off if the player is too close.
rhino,2,Rhino,Tide Margin 4:near;Tide Margin 4:far;*,155,24,8,9,leash,ahead,charge,38,115,90,240,0,0,0,0,0,0,0,0,0,22,2.3,0,0,3.0,34,Same meteor. Closes the lead a little sooner and hits harder.
rhino,3,Rhino,Tide Margin 4:near;Tide Margin 4:far;*,185,28,10,11,leash,ahead,charge,40,120,90,240,0,0,0,0,0,0,0,0,0,24,2.4,0,0,2.8,52,Starts the meteor from farther out and keeps the lagged frame.
rhino,4,Rhino,Tide Margin 4:near;Tide Margin 4:far;*,220,34,12,12,leash,ahead,charge,42,125,90,240,0,0,0,0,0,0,0,0,0,26,2.5,0,0,2.6,76,Hard patches field a crowd of chargers. Meteor comes out faster.
rammer,1,Rammer,Tide Margin 4:far;*,48,22,12,9,leash,ahead,ram,36,110,90,240,8,0,0,0,0,0,0,0,0,0,0,24,10,0.93,14,Waits ahead of travel and winds up from a stop into a dive once the player closes.
rammer,2,Rammer,Tide Margin 4:far;*,58,26,14,9,leash,ahead,ram,38,115,90,240,9,0,0,0,0,0,0,0,0,0,0,28,11,0.88,24,Appears a bit farther out on a fast run and reaches a higher ram speed.
rammer,3,Rammer,Tide Margin 4:far;*,70,31,16,10,leash,ahead,ram,40,120,90,240,10,0,0,0,0,0,0,0,0,0,0,32,12,0.82,38,Faster wind-up. Many eyeballs can share a pack.
rammer,4,Rammer,Tide Margin 4:far;*,84,37,18,10,leash,ahead,ram,42,125,90,240,11,0,0,0,0,0,0,0,0,0,0,36,13,0.76,56,Hard-patch rams hit harder and finish the dive sooner.
rift_hulk,1,Rift-Hulk,,220,28,11,1,leash,ground,slam,28,90,16,32,0,0,0,0,0,0,0,0,0,0,0,0,0,1.35,36,Box brute. Not called by field patches.
rift_hulk,2,Rift-Hulk,,280,34,12,1,leash,ground,slam,30,95,16,34,0,0,0,0,0,0,0,0,0,0,0,0,0,1.20,58,Tougher slam. Still a box spawn only.
rift_hulk,3,Rift-Hulk,,350,42,13,1,leash,ground,slam,32,100,16,36,0,0,0,0,0,0,0,0,0,0,0,0,0,1.05,88,Late-box hulk. Field patches still do not call it.
gloam,1,Gloam,Long Shore 4;Far Beacon 4,36,8,9,14,leash,ring,bite,28,90,90,240,14,0,0,0,0,0,0,0,0,0,0,0,0,0.55,10,Two-winged flock on the castle and office grounds. Bites on the ground. Takes off if the player pulls away.
gloam,2,Gloam,Long Shore 4;Far Beacon 4,46,10,10,14,leash,ring,bite,30,95,90,240,16,0,0,0,0,0,0,0,0,0,0,0,0,0.50,18,Tougher flock biters. Still only around Stormwatch and Meridian Tower.
gloam,3,Gloam,Long Shore 4;Far Beacon 4,58,13,11,16,leash,ring,bite,32,100,90,240,18,0,0,0,0,0,0,0,0,0,0,0,0,0.46,28,Harder castle and office tiles pack more Gloam. Bite stays close-range.
gloam,4,Gloam,Long Shore 4;Far Beacon 4,74,16,12,16,leash,ring,bite,34,105,90,240,20,0,0,0,0,0,0,0,0,0,0,0,0,0.42,40,Late castle and office flocks hit harder and stay on the player.
vesper,1,Vesper,Long Shore 4;Far Beacon 4,70,16,38,5,leash,ahead,beam,52,140,90,240,18,18,48,22,38,0,0,0,1.15,0,0,0,0,1.40,22,Four-winged patrol around Stormwatch and Meridian Tower. Locks a red telegraph beam before it fires.
vesper,2,Vesper,Long Shore 4;Far Beacon 4,88,20,42,5,leash,ahead,beam,54,145,90,240,22,20,54,24,42,0,0,0,1.08,0,0,0,0,1.25,36,Quicker lock on the castle and office grounds. Same telegraph, harder beam.
vesper,3,Vesper,Long Shore 4;Far Beacon 4,110,25,46,6,leash,ahead,beam,56,150,90,240,26,22,60,26,46,0,0,0,1.00,0,0,0,0,1.12,52,Harder castle and office tiles keep more Vespers in the air.
vesper,4,Vesper,Long Shore 4;Far Beacon 4,138,31,50,6,leash,ahead,beam,58,155,90,240,30,24,66,28,50,0,0,0,0.92,0,0,0,0,1.00,72,Late castle and office beams charge faster and hit harder.
threnody,1,Threnody,Long Shore 4;Far Beacon 4,220,20,28,1,leash,ahead,column,96,220,90,240,28,40,90,50,70,0,0,0,0,0,0,0,0,4.50,48,Six-winged cursed giant on the castle and office grounds. One per pack. Drops shock columns.
threnody,2,Threnody,Long Shore 4;Far Beacon 4,280,26,30,1,leash,ahead,column,100,230,90,240,32,42,96,54,76,0,0,0,0,0,0,0,0,4.20,72,Tougher cursed giant. Still only around Stormwatch and Meridian Tower.
threnody,3,Threnody,Long Shore 4;Far Beacon 4,350,32,32,1,leash,ahead,column,104,240,90,240,36,44,102,58,82,0,0,0,0,0,0,0,0,3.90,100,Late castle and office tiles still field only one Threnody.
threnody,4,Threnody,Long Shore 4;Far Beacon 4,430,40,34,1,leash,ahead,column,108,250,90,240,40,46,108,62,88,0,0,0,0,0,0,0,0,3.60,136,Hard-patch Threnody on the castle and office grounds. Columns drop a bit sooner.
gruk,1,Gruk,,70,14,8.5,0,leash,garrison,swing,48,90,0,0,0,0,0,0,0,0,0,0,0,0,0,0,0,0.80,12,Castle bruiser. Charges and swings. Preset pad. Does not respawn.
gruk,2,Gruk,,88,17,9.0,0,leash,garrison,swing,50,95,0,0,0,0,0,0,0,0,0,0,0,0,0,0,0,0.74,20,Tougher castle bruiser. Still a one-shot garrison pad.
gruk,3,Gruk,,110,21,9.5,0,leash,garrison,swing,52,100,0,0,0,0,0,0,0,0,0,0,0,0,0,0,0,0.68,30,Harder Gruk. Castle pads do not refill.
gruk,4,Gruk,,138,26,10.0,0,leash,garrison,swing,54,105,0,0,0,0,0,0,0,0,0,0,0,0,0,0,0,0.62,42,Late-tile Gruk. Same charge and swing.
nix,1,Nix,,48,10,11.0,0,leash,garrison,swing,48,90,0,0,0,0,0,0,0,0,0,0,0,0,0,0,0,0.70,10,Smaller castle runner. Charges and swings. Does not respawn.
nix,2,Nix,,60,12,11.5,0,leash,garrison,swing,50,95,0,0,0,0,0,0,0,0,0,0,0,0,0,0,0,0.64,16,Quicker Nix. Still a one-shot pad.
nix,3,Nix,,76,15,12.0,0,leash,garrison,swing,52,100,0,0,0,0,0,0,0,0,0,0,0,0,0,0,0,0.58,24,Harder Nix. Castle pads stay empty after a kill.
nix,4,Nix,,96,18,12.5,0,leash,garrison,swing,54,105,0,0,0,0,0,0,0,0,0,0,0,0,0,0,0,0.52,34,Late-tile Nix. Same melee rush.
vex,1,Vex,,52,16,7.0,0,leash,garrison,mortar,70,110,0,0,0,14,36,18,28,16,0.42,1.15,0,0,0,0,0,1.85,14,Holds the back line and lobs a red mortar from his staff. Does not respawn.
vex,2,Vex,,64,19,7.2,0,leash,garrison,mortar,72,115,0,0,0,14,38,18,30,17,0.40,1.10,0,0,0,0,0,1.70,22,Same staff mortar. Hits a bit harder.
vex,3,Vex,,80,23,7.4,0,leash,garrison,mortar,74,120,0,0,0,13,40,17,32,18,0.38,1.05,0,0,0,0,0,1.55,32,Harder Vex. Pads stay empty after a kill.
vex,4,Vex,,100,28,7.6,0,leash,garrison,mortar,76,125,0,0,0,12,42,16,34,19,0.36,1.00,0,0,0,0,0,1.40,44,Late-tile Vex. Red mortars from the staff tip.
